{
	"credit": "Made with Blockbench",
	"texture_size": [256, 256],
	"textures": {
		"0": "block/lightning_rod",
		"1": "block/lightning_rod_top",
		"particle": "block/lightning_rod"
	},
	"elements": [
		{
			"from": [7, 0, 7],
			"to": [9, 6, 9],
			"faces": {
				"north": {"uv": [7.25, 9.4375, 8.6875, 12.75], "texture": "#0"},
				"east": {"uv": [7.25, 9.4375, 8.6875, 12.75], "texture": "#0"},
				"south": {"uv": [7.25, 9.4375, 8.6875, 12.75], "texture": "#0"},
				"west": {"uv": [7.25, 9.4375, 8.6875, 12.75], "texture": "#0"},
				"up": {"uv": [0, 0, 0.125, 0.125], "texture": "#missing"},
				"down": {"uv": [0, 0, 0.125, 0.125], "texture": "#missing"}
			}
		},
		{
			"from": [6, 0, 6],
			"to": [10, 4, 10],
			"faces": {
				"north": {"uv": [6.5, 10, 9.625, 16], "texture": "#0"},
				"east": {"uv": [6.5, 10, 9.625, 16], "texture": "#0"},
				"south": {"uv": [6.5, 10, 9.625, 16], "texture": "#0"},
				"west": {"uv": [6.4375, 10, 9.5625, 16], "texture": "#0"},
				"up": {"uv": [2.375, 5.0625, 12.8125, 10.0625], "texture": "#1"},
				"down": {"uv": [5.625, 6.5, 9.8125, 8.6875], "texture": "#1"}
			}
		},
		{
			"from": [0, 6, 6],
			"to": [16, 24, 10],
			"faces": {
				"north": {"uv": [0, 0, 16, 12.125], "texture": "#0"},
				"east": {"uv": [0, 0, 16, 12.125], "texture": "#0"},
				"south": {"uv": [0, 0, 16, 12.125], "texture": "#0"},
				"west": {"uv": [0, 0, 16, 12.125], "texture": "#0"},
				"up": {"uv": [0, 0, 16, 16], "texture": "#1"},
				"down": {"uv": [0, 0, 16, 16], "texture": "#1"}
			}
		}
	]
}